{"labels": [7, 7, 7, 7, 7, 7, 7, 10, 10, 10], "scores": [0.01960344798862934, 0.01960344798862934, 0.01960344798862934, 0.01960344798862934, 0.01960344798862934, 0.01960344798862934, 0.01313061360269785, 0.0011872713221237063, 0.0011872713221237063, 0.0011872713221237063], "bboxes": [[-295.355224609375, -185.08563232421875, 461.0963134765625, 358.3408203125], [-7.242681980133057, -185.08563232421875, 749.2088623046875, 358.3408203125], [184.83236694335938, -89.08563232421875, 941.2838745117188, 454.3408203125], [-175.30833435058594, -41.08563995361328, 581.1431884765625, 502.3407897949219], [16.766719818115234, 54.91436004638672, 773.2182006835938, 598.3408203125], [-295.355224609375, 102.91436004638672, 461.0963134765625, 646.3408203125], [260.03216552734375, 224.2616729736328, 863.271240234375, 607.9266967773438], [-220.1553955078125, 224.2616729736328, 383.08367919921875, 607.9266967773438], [19.938383102416992, 224.2616729736328, 623.177490234375, 607.9266967773438], [260.03216552734375, 224.2616729736328, 863.271240234375, 607.9266967773438]]}