{"labels": [7, 7, 7, 7, 7, 7, 7, 7, 10, 10, 10], "scores": [0.01960243470966816, 0.01960243470966816, 0.01960243470966816, 0.01960243470966816, 0.01960243470966816, 0.01960243470966816, 0.013133885338902473, 0.013133885338902473, 0.0011875892523676157, 0.0011875892523676157, 0.0011875892523676157], "bboxes": [[-507.9339904785156, -318.3353271484375, 792.9690551757812, 616.3343505859375], [-12.45014762878418, -318.3353271484375, 1288.452880859375, 616.3343505859375], [441.74334716796875, -235.77532958984375, 1742.646484375, 698.8943481445312], [-301.4823913574219, -70.65533447265625, 999.420654296875, 864.0143432617188], [152.7111053466797, 11.904666900634766, 1453.6141357421875, 946.5743408203125], [-507.9339904785156, 177.024658203125, 792.9690551757812, 1111.6943359375], [-89.57594299316406, 385.7276306152344, 947.8357543945312, 1045.6348876953125], [323.3272705078125, 385.7276306152344, 1360.739013671875, 1045.6348876953125], [-378.6081848144531, 385.7276306152344, 658.803466796875, 1045.6348876953125], [34.29502487182617, 385.7276306152344, 1071.706787109375, 1045.6348876953125], [447.1982421875, 385.7276306152344, 1484.6099853515625, 1045.6348876953125]]}