{"labels": [7, 7, 7, 7, 7, 7, 7, 7, 10, 10, 10], "scores": [0.01960243470966816, 0.01960243470966816, 0.01960243470966816, 0.01960243470966816, 0.01960243470966816, 0.01960243470966816, 0.01960243470966816, 0.01960243470966816, 0.0011875892523676157, 0.0011875892523676157, 0.0011875892523676157], "bboxes": [[-240.76382446289062, -150.94195556640625, 375.8721923828125, 292.2412414550781], [-5.901446342468262, -150.94195556640625, 610.7345581054688, 292.2412414550781], [228.96092224121094, -150.94195556640625, 845.596923828125, 292.2412414550781], [-142.9044952392578, -33.501949310302734, 473.73150634765625, 409.6812438964844], [91.9578628540039, -33.501949310302734, 708.5938720703125, 409.6812438964844], [228.96092224121094, 64.3647232055664, 845.596923828125, 507.54791259765625], [-240.76382446289062, 83.93805694580078, 375.8721923828125, 527.1212158203125], [-5.901446342468262, 83.93805694580078, 610.7345581054688, 527.1212158203125], [-179.4626007080078, 182.89669799804688, 312.2768859863281, 495.7984924316406], [16.25605010986328, 182.89669799804688, 507.99554443359375, 495.7984924316406], [211.97470092773438, 182.89669799804688, 703.7142333984375, 495.7984924316406]]}