{"labels": [7, 7, 7, 7, 7, 7, 7, 7, 10, 10, 10], "scores": [0.01960243470966816, 0.01960243470966816, 0.01960243470966816, 0.01960243470966816, 0.01960243470966816, 0.01960243470966816, 0.013133885338902473, 0.013133885338902473, 0.0011875892523676157, 0.0011875892523676157, 0.0011875892523676157], "bboxes": [[-206.74835205078125, -129.55506896972656, 322.7684020996094, 250.83375549316406], [-5.067680835723877, -129.55506896972656, 524.4490966796875, 250.83375549316406], [179.80625915527344, -95.95507049560547, 709.322998046875, 284.4337463378906], [-122.71473693847656, -28.755075454711914, 406.802001953125, 351.63372802734375], [62.15919494628906, 4.8449225425720215, 591.6759643554688, 385.2337341308594], [-206.74835205078125, 72.044921875, 322.7684020996094, 452.4337158203125], [-36.46079635620117, 156.982177734375, 385.8050231933594, 425.549072265625], [131.60643005371094, 156.982177734375, 553.8722534179688, 425.549072265625], [-154.10784912109375, 156.982177734375, 268.1579284667969, 425.549072265625], [13.959371566772461, 156.982177734375, 436.2251892089844, 425.549072265625], [182.02659606933594, 156.982177734375, 604.2924194335938, 425.549072265625]]}