{"labels": [7, 8, 15, 19, 17, 15], "scores": [0.9877897500991821, 0.917647659778595, 0.9160664081573486, 0.14184728264808655, 0.06920892000198364, 0.0648566484451294], "bboxes": [[572.1222534179688, 186.6059112548828, 1035.3118896484375, 595.853271484375], [404.6490173339844, 187.8421630859375, 1125.5150146484375, 717.5574951171875], [132.079833984375, 47.464599609375, 456.6151428222656, 509.7521057128906], [516.1555786132812, 191.68702697753906, 985.4099731445312, 627.2968139648438], [409.2040100097656, 140.10008239746094, 1099.138671875, 693.0367431640625], [54.969482421875, 30.343244552612305, 640.6343994140625, 549.596435546875]]}