{"labels": [11, 7, 7], "scores": [0.9975445866584778, 0.9415381550788879, 0.05545412003993988], "bboxes": [[41.6120719909668, 29.434959411621094, 506.8312072753906, 428.7900695800781], [132.50927734375, 22.681182861328125, 572.1915893554688, 433.3292541503906], [328.74151611328125, 30.258934020996094, 557.9857177734375, 411.05621337890625]]}