{"labels": [14, 14, 14, 10, 14, 14, 10, 14, 14, 14, 14], "scores": [0.9997673630714417, 0.9986577033996582, 0.9946461319923401, 0.9931524991989136, 0.9922441840171814, 0.6845043897628784, 0.5448348522186279, 0.4500313103199005, 0.13205498456954956, 0.08656717836856842, 0.0731591060757637], "bboxes": [[453.6080017089844, 94.478515625, 600.0, 352.6815490722656], [275.2719421386719, 98.698974609375, 432.2206115722656, 249.1842498779297], [12.838343620300293, 138.4956817626953, 205.49325561523438, 362.7091979980469], [184.67767333984375, 227.70443725585938, 563.3801879882812, 365.9739685058594], [140.793212890625, 76.8695068359375, 284.5935363769531, 346.7970886230469], [432.91021728515625, 155.2037353515625, 512.5746459960938, 220.827880859375], [215.91030883789062, 215.66241455078125, 506.5704040527344, 300.7688293457031], [27.203285217285156, 93.54785919189453, 324.2087707519531, 342.33148193359375], [304.5502624511719, 96.027587890625, 574.007080078125, 322.7716979980469], [149.6888885498047, 76.21171569824219, 242.14035034179688, 268.3915710449219], [270.1327209472656, 169.98216247558594, 437.39697265625, 256.97027587890625]]}