{"labels": [2, 2, 0, 11, 7, 2, 7, 8, 0, 2], "scores": [0.7864436507225037, 0.7483790516853333, 0.617790699005127, 0.5681111216545105, 0.5310384035110474, 0.40993475914001465, 0.25808626413345337, 0.2382822483778, 0.14700472354888916, 0.10371062904596329], "bboxes": [[255.36285400390625, 170.28883361816406, 489.0465393066406, 306.42279052734375], [345.9070739746094, 23.200868606567383, 499.1014099121094, 101.10688781738281], [18.676380157470703, 7.839743614196777, 185.734375, 204.48594665527344], [344.51422119140625, 24.278553009033203, 497.50762939453125, 102.4398193359375], [247.54397583007812, 171.71969604492188, 486.7075500488281, 306.01025390625], [25.249666213989258, 2.925511360168457, 172.4245147705078, 215.3216094970703], [343.1251220703125, 20.41176986694336, 500.0, 101.70928192138672], [32.3942985534668, 4.148073196411133, 170.3307647705078, 205.04942321777344], [130.1631622314453, 160.02935791015625, 500.0, 307.5822448730469], [81.92644500732422, 136.90943908691406, 493.7454833984375, 304.972900390625]]}