{"labels": [6, 9, 15, 9, 15, 6, 9, 13, 0, 6, 9, 13, 2, 1, 6, 9, 15, 16, 18, 6, 9, 13, 0, 1, 2, 3, 4, 6, 7, 9, 10, 12, 13, 14, 15, 18, 19, 6, 9, 9, 15, 0, 3, 4, 6, 9, 13, 9, 6, 9, 13, 9, 13, 9, 9, 6, 9, 9, 9, 15, 9, 6, 9, 15, 3, 6, 9, 18, 9, 2, 9, 9, 9, 9, 6, 9, 6, 9, 15, 9, 15, 6, 0, 1, 3, 4, 5, 6, 9, 10, 12, 13, 14, 18, 6, 9, 13, 6, 9, 4], "scores": [0.0034396564587950706, 0.0041387430392205715, 0.008880889974534512, 0.003865000559017062, 0.003804741892963648, 0.003977516200393438, 0.00297872768715024, 0.003171220188960433, 0.0029670563526451588, 0.004232817329466343, 0.00318228080868721, 0.0035564948339015245, 0.0029233552049845457, 0.003372917417436838, 0.005016815848648548, 0.0044385832734405994, 0.0223059244453907, 0.002875915728509426, 0.002985236467793584, 0.003591854590922594, 0.0036722803488373756, 0.00430605374276638, 0.014722284860908985, 0.008560446090996265, 0.005406145937740803, 0.007702324539422989, 0.02153765968978405, 0.019130675122141838, 0.0030680058989673853, 0.009375068359076977, 0.018685635179281235, 0.007872828282415867, 0.8841327428817749, 0.004939152393490076, 0.008881372399628162, 0.011537824757397175, 0.00372535758651793, 0.003091278485953808, 0.0029633359517902136, 0.005697197280824184, 0.003222582396119833, 0.004003429319709539, 0.003470705123618245, 0.003939933143556118, 0.006340735591948032, 0.0031276170630007982, 0.009392110630869865, 0.0032022232189774513, 0.004066161345690489, 0.0032341890037059784, 0.003860872471705079, 0.00398786086589098, 0.0029415173921734095, 0.0032236147671937943, 0.003057777415961027, 0.0033231067936867476, 0.0030302368104457855, 0.003046219702810049, 0.003157303435727954, 0.003064078278839588, 0.002895803190767765, 0.002886161906644702, 0.005582095589488745, 0.0037146995309740305, 0.0035315006971359253, 0.0035276247654110193, 0.003911202773451805, 0.0030571408569812775, 0.0031139308121055365, 0.0029155306983739138, 0.0029770471155643463, 0.002956083510071039, 0.0029231314547359943, 0.003920370247215033, 0.0036159672308713198, 0.0030001611448824406, 0.004013063386082649, 0.003804281121119857, 0.00813370943069458, 0.003426153678447008, 0.0032430889550596476, 0.0031073917634785175, 0.005801085382699966, 0.012991647236049175, 0.011957374401390553, 0.005496078170835972, 0.01114547997713089, 0.02021746151149273, 0.006884468253701925, 0.00671428581699729, 0.006103194784373045, 0.1826484501361847, 0.005160141736268997, 0.010226410813629627, 0.0034276358783245087, 0.003236910793930292, 0.0031084364745765924, 0.00338366418145597, 0.003178170882165432, 0.0028427704237401485], "bboxes": [[389.8463134765625, 172.43211364746094, 446.56744384765625, 239.222412109375], [389.8463134765625, 172.43211364746094, 446.56744384765625, 239.222412109375], [389.8463134765625, 172.43211364746094, 446.56744384765625, 239.222412109375], [8.97867488861084, 128.56895446777344, 185.98687744140625, 209.33506774902344], [8.97867488861084, 128.56895446777344, 185.98687744140625, 209.33506774902344], [223.31784057617188, 182.7630157470703, 346.7414855957031, 323.7978515625], [223.31784057617188, 182.7630157470703, 346.7414855957031, 323.7978515625], [223.31784057617188, 182.7630157470703, 346.7414855957031, 323.7978515625], [99.85101318359375, 174.86029052734375, 247.6254119873047, 344.693603515625], [99.85101318359375, 174.86029052734375, 247.6254119873047, 344.693603515625], [99.85101318359375, 174.86029052734375, 247.6254119873047, 344.693603515625], [99.85101318359375, 174.86029052734375, 247.6254119873047, 344.693603515625], [217.90293884277344, 190.14744567871094, 341.8501281738281, 259.1127014160156], [392.50537109375, 169.9261474609375, 446.4504089355469, 237.12850952148438], [392.50537109375, 169.9261474609375, 446.4504089355469, 237.12850952148438], [392.50537109375, 169.9261474609375, 446.4504089355469, 237.12850952148438], [392.50537109375, 169.9261474609375, 446.4504089355469, 237.12850952148438], [392.50537109375, 169.9261474609375, 446.4504089355469, 237.12850952148438], [392.50537109375, 169.9261474609375, 446.4504089355469, 237.12850952148438], [117.86357879638672, 187.5563201904297, 329.07916259765625, 327.2499084472656], [117.86357879638672, 187.5563201904297, 329.07916259765625, 327.2499084472656], [117.86357879638672, 187.5563201904297, 329.07916259765625, 327.2499084472656], [226.7008056640625, 192.51100158691406, 356.5807189941406, 322.4501647949219], [226.7008056640625, 192.51100158691406, 356.5807189941406, 322.4501647949219], [226.7008056640625, 192.51100158691406, 356.5807189941406, 322.4501647949219], [226.7008056640625, 192.51100158691406, 356.5807189941406, 322.4501647949219], [226.7008056640625, 192.51100158691406, 356.5807189941406, 322.4501647949219], [226.7008056640625, 192.51100158691406, 356.5807189941406, 322.4501647949219], [226.7008056640625, 192.51100158691406, 356.5807189941406, 322.4501647949219], [226.7008056640625, 192.51100158691406, 356.5807189941406, 322.4501647949219], [226.7008056640625, 192.51100158691406, 356.5807189941406, 322.4501647949219], [226.7008056640625, 192.51100158691406, 356.5807189941406, 322.4501647949219], [226.7008056640625, 192.51100158691406, 356.5807189941406, 322.4501647949219], [226.7008056640625, 192.51100158691406, 356.5807189941406, 322.4501647949219], [226.7008056640625, 192.51100158691406, 356.5807189941406, 322.4501647949219], [226.7008056640625, 192.51100158691406, 356.5807189941406, 322.4501647949219], [226.7008056640625, 192.51100158691406, 356.5807189941406, 322.4501647949219], [220.64988708496094, 180.8316650390625, 345.9992980957031, 327.9324951171875], [220.64988708496094, 180.8316650390625, 345.9992980957031, 327.9324951171875], [8.35930061340332, 139.41278076171875, 142.27508544921875, 212.32342529296875], [8.35930061340332, 139.41278076171875, 142.27508544921875, 212.32342529296875], [98.817138671875, 179.36618041992188, 238.84388732910156, 342.8204345703125], [98.817138671875, 179.36618041992188, 238.84388732910156, 342.8204345703125], [98.817138671875, 179.36618041992188, 238.84388732910156, 342.8204345703125], [98.817138671875, 179.36618041992188, 238.84388732910156, 342.8204345703125], [98.817138671875, 179.36618041992188, 238.84388732910156, 342.8204345703125], [98.817138671875, 179.36618041992188, 238.84388732910156, 342.8204345703125], [293.1514587402344, 112.35330963134766, 410.8480529785156, 185.60975646972656], [101.13350677490234, 182.69664001464844, 348.42132568359375, 329.0391845703125], [101.13350677490234, 182.69664001464844, 348.42132568359375, 329.0391845703125], [101.13350677490234, 182.69664001464844, 348.42132568359375, 329.0391845703125], [196.80909729003906, 185.51422119140625, 268.51611328125, 311.9621887207031], [196.80909729003906, 185.51422119140625, 268.51611328125, 311.9621887207031], [-8.994538307189941, 92.47545623779297, 117.43132019042969, 190.8136749267578], [49.045711517333984, 112.8433609008789, 192.8544464111328, 192.9818115234375], [-17.26239013671875, 84.58533477783203, 355.73077392578125, 343.6782531738281], [-17.26239013671875, 84.58533477783203, 355.73077392578125, 343.6782531738281], [195.7707061767578, 186.75978088378906, 275.0576477050781, 297.8724365234375], [283.7871398925781, 99.27310180664062, 408.7544250488281, 178.95074462890625], [300.8687744140625, 168.74705505371094, 408.3404846191406, 218.16600036621094], [78.28703308105469, 109.045166015625, 342.1761779785156, 175.90208435058594], [31.73904800415039, 152.35049438476562, 137.35629272460938, 210.36154174804688], [31.73904800415039, 152.35049438476562, 137.35629272460938, 210.36154174804688], [31.73904800415039, 152.35049438476562, 137.35629272460938, 210.36154174804688], [-11.821052551269531, 94.0087890625, 349.1332702636719, 212.55810546875], [-11.821052551269531, 94.0087890625, 349.1332702636719, 212.55810546875], [-11.821052551269531, 94.0087890625, 349.1332702636719, 212.55810546875], [-11.821052551269531, 94.0087890625, 349.1332702636719, 212.55810546875], [80.45689392089844, 152.8485870361328, 238.67169189453125, 