{"labels": [9, 0, 1, 2, 3, 4, 5, 7, 8, 9, 11, 12, 15, 16, 18, 9, 9, 9, 9, 9, 9, 6, 9, 9, 9, 9, 9, 6, 9, 9, 6, 9, 9, 6, 9, 6, 9, 9, 9, 9, 9, 9, 9, 9, 9, 9, 9, 6, 9, 6, 9, 9, 9, 12, 9, 9, 9, 9, 9, 9, 9, 9, 9, 6, 9, 6, 9, 9, 9, 9, 9, 9, 9, 6, 9, 0, 1, 2, 3, 4, 5, 6, 7, 8, 9, 10, 11, 12, 13, 15, 16, 17, 18, 9, 9, 6, 9, 6, 9, 9], "scores": [0.004074210301041603, 0.00346489530056715, 0.004903199151158333, 0.02372937835752964, 0.0038906291592866182, 0.014669938944280148, 0.003294330555945635, 0.026301177218556404, 0.005290193948894739, 0.25063470005989075, 0.027156932279467583, 0.010878104716539383, 0.006530070677399635, 0.06319398432970047, 0.014067952521145344, 0.0038407081738114357, 0.003453383920714259, 0.003585429862141609, 0.003468796145170927, 0.0032636267133057117, 0.003268754342570901, 0.003455251920968294, 0.005929256323724985, 0.004784333985298872, 0.0046536787413060665, 0.004516725428402424, 0.004455222748219967, 0.003397467778995633, 0.0039050737395882607, 0.003183111548423767, 0.0032708412036299706, 0.00349213182926178, 0.0032553491182625294, 0.0034855948761105537, 0.003518347628414631, 0.0036216494627296925, 0.0040488773956894875, 0.003096876433119178, 0.0032961282413452864, 0.0031834926921874285, 0.0038294121623039246, 0.004110399633646011, 0.00400799885392189, 0.003700263798236847, 0.003252703230828047, 0.0032573288772255182, 0.004557965323328972, 0.004126355983316898, 0.005676310043781996, 0.003338674083352089, 0.003400286426767707, 0.003305366262793541, 0.00783308781683445, 0.0031985691748559475, 0.003918006084859371, 0.0038675053510814905, 0.00326176593080163, 0.0033061581198126078, 0.00433847913518548, 0.0032626171596348286, 0.0033442825078964233, 0.0031355763785541058, 0.004713440779596567, 0.0043348041363060474, 0.00513592129573226, 0.0034742627758532763, 0.004271850921213627, 0.003917935770004988, 0.004372332710772753, 0.004184393212199211, 0.0033711399883031845, 0.0032374002039432526, 0.0037422601599246264, 0.0035437929909676313, 0.004417640157043934, 0.0043257251381874084, 0.009828556329011917, 0.011438896879553795, 0.0033464960288256407, 0.007829215377569199, 0.010430090129375458, 0.037174005061388016, 0.02643541246652603, 0.003132519545033574, 0.8352919220924377, 0.0033421602565795183, 0.05002732202410698, 0.010671987198293209, 0.0031217874493449926, 0.01219098549336195, 0.026003379374742508, 0.0058447690680623055, 0.023166382685303688, 0.003952273167669773, 0.0035849527921527624, 0.004095163661986589, 0.004752693697810173, 0.003739864332601428, 0.003925067372620106, 0.003093851264566183], "bboxes": [[196.13816833496094, 182.52256774902344, 296.9433288574219, 220.3666534423828], [465.447998046875, 166.96795654296875, 496.8077087402344, 217.85865783691406], [465.447998046875, 166.96795654296875, 496.8077087402344, 217.85865783691406], [465.447998046875, 166.96795654296875, 496.8077087402344, 217.85865783691406], [465.447998046875, 166.96795654296875, 496.8077087402344, 217.85865783691406], [465.447998046875, 166.96795654296875, 496.8077087402344, 217.85865783691406], [465.447998046875, 166.96795654296875, 496.8077087402344, 217.85865783691406], [465.447998046875, 166.96795654296875, 496.8077087402344, 217.85865783691406], [465.447998046875, 166.96795654296875, 496.8077087402344, 217.85865783691406], [465.447998046875, 166.96795654296875, 496.8077087402344, 217.85865783691406], [465.447998046875, 166.96795654296875, 496.8077087402344, 217.85865783691406], [465.447998046875, 166.96795654296875, 496.8077087402344, 217.85865783691406], [465.447998046875, 166.96795654296875, 496.8077087402344, 217.85865783691406], [465.447998046875, 166.96795654296875, 496.8077087402344, 217.85865783691406], [465.447998046875, 166.96795654296875, 496.8077087402344, 217.85865783691406], [217.3103485107422, 159.80804443359375, 296.6365051269531, 221.23306274414062], [194.04029846191406, 197.89454650878906, 252.2593994140625, 228.9884490966797], [215.0181121826172, 166.37925720214844, 298.2507019042969, 222.54934692382812], [34.67156219482422, 152.6358642578125, 127.30564880371094, 200.74363708496094], [260.304931640625, 213.8569793701172, 313.3447265625, 241.4882049560547], [255.3474578857422, 175.9759063720703, 368.69940185546875, 200.73402404785156], [217.77053833007812, 157.53062438964844, 298.34979248046875, 221.78500366210938], [217.77053833007812, 157.53062438964844, 298.34979248046875, 221.78500366210938], [194.0188751220703, 188.1603240966797, 295.1702575683594, 220.6243133544922], [229.84796142578125, 160.38812255859375, 355.0567626953125, 214.35952758789062], [254.04151916503906, 185.91798400878906, 325.0394287109375, 229.26878356933594], [445.037109375, 177.87660217285156, 497.4471740722656, 214.6894989013672], [217.92669677734375, 161.9384307861328, 298.9775695800781, 222.6072998046875], [217.92669677734375, 161.9384307861328, 298.9775695800781, 222.6072998046875], [112.7580795288086, 172.33705139160156, 209.68942260742188, 198.4927215576172], [213.9165496826172, 159.30654907226562, 297.8929748535156, 220.51583862304688], [213.9165496826172, 159.30654907226562, 297.8929748535156, 220.51583862304688], [223.25819396972656, 165.6491241455078, 296.07025146484375, 219.8385467529297], [216.90049743652344, 160.05136108398438, 297.3725891113281, 221.31964111328125], [216.90049743652344, 160.05136108398438, 297.3725891113281, 221.31964111328125], [216.06097412109375, 158.22581481933594, 299.5062255859375, 221.61502075195312], [216.06097412109375, 158.22581481933594, 299.5062255859375, 221.61502075195312], [217.6548614501953, 169.20388793945312, 306.9419860839844, 207.92288208007812], [131.5063018798828, 170.40672302246094, 201.19570922851562, 193.79054260253906], [262.4023742675781, 135.75070190429688, 443.097412109375, 190.3783416748047], [257.52239990234375, 169.7077178955078, 345.83929443359375, 202.84339904785156], [226.8505401611328, 176.90737915039062, 316.7149963378906, 219.38136291503906], [218.74114990234375, 202.48587036132812, 273.5238342285156, 232.48117065429688], [277.43206787109375, 194.0368194580078, 335.6153564453125, 222.24810791015625], [229.30990600585938, 158.9384307861328, 296.2314453125, 206.72804260253906], [212.758056640625, 167.14926147460938, 299.3644714355469, 218.30674743652344], [-17.014217376708984, 124.75593566894531, 300.4114685058594, 219.3084716796875], [217.56280517578125, 157.79776000976562, 297.9380187988281, 221.4430389404297], [217.56280517578125, 157.79776000976562, 297.9380187988281, 221.4430389404297], [213.99880981445312, 160.32806396484375, 299.0003356933594, 221.3187713623047], [213.99880981445312, 160.32806396484375, 299.0003356933594, 221.3187713623047], [336.7377014160156, 158.8956298828125, 398.1285400390625, 198.81338500976562], [466.9916076660156, 165.3170928955078, 496.13726806640625, 221.0336151123047], [466.9916076660156, 165.3170928955078, 496.13726806640625, 221.0336151123047], [249.09767150878906, 174.1501007080078, 329.520263671875, 210.2718963623047], [232.21182250976562, 201.02117919921875, 287.1257629394531, 238.47512817382812], [216.9064483642578, 159.4898223876953, 296.418212890625, 219.9962615966797], [214.94696044921875, 176.13966369628906, 296.9994812011719, 221.46910095214844], [216.64857482910156, 187.54295349121094, 302.8867492675781, 220.32623291015625], [270.2455749511719, 180.20501708984375, 365.6283264160156, 226.49789428710938], [231.54376220703125, 214.05612182617188, 273.0016174316406, 237.02662658691406], [111.14842224121094, 172.14559936523438, 209.35519409179688, 198.6293182373047], [216.0525665283203, 190.2209014892578, 300.4893493652344, 221.29898071289062], [215.9371337890625, 157.60012817382812, 298.0557861328125, 221.85763549804688], [215.9371337890625, 157.60012817382812, 298.0557861328125, 221.85763549804688], [218.66725158691406, 158.13565063476562, 299.7867431640625, 222.67288208007812], [218.66725158691406, 158.13565063476562, 299.7867431640625, 222.67288208007812], [249.9210662841797, 155.01019287109375, 336.7837219238281, 203.5918731689453], 