{"labels": [4, 14, 4, 14, 14, 14, 10, 4, 11, 14, 10, 14, 6, 14, 4, 6, 14, 8, 14, 6, 12, 13, 14, 17, 9, 10, 6, 12, 13, 14, 18, 14, 14, 4, 4, 10, 14, 1, 3, 6, 10, 11, 13, 17, 18, 14, 4, 14, 1, 14, 10, 6, 11, 12, 13, 14, 14, 4, 14, 14, 13, 14, 14, 4, 10, 6, 14, 14, 6, 12, 14, 1, 10, 13, 14, 14, 10, 4, 10, 13, 14, 19, 1, 6, 14, 14, 4, 4, 14, 11, 14, 14, 4, 10, 10, 1, 6, 14, 14, 4], "scores": [0.018763981759548187, 0.03303946182131767, 0.01514395046979189, 0.01683560572564602, 0.1269025206565857, 0.017484860494732857, 0.015546529553830624, 0.01666569523513317, 0.0148225799202919, 0.95154869556427, 0.03403196111321449, 0.09487520903348923, 0.015983598306775093, 0.16910310089588165, 0.01930566132068634, 0.014059687964618206, 0.34665578603744507, 0.014217205345630646, 0.24679826200008392, 0.02684057131409645, 0.01822781376540661, 0.02168838120996952, 0.8858076333999634, 0.015850717201828957, 0.014969399198889732, 0.021699417382478714, 0.023148752748966217, 0.02443673275411129, 0.03190593793988228, 0.8896365165710449, 0.014245575293898582, 0.028434721753001213, 0.015781814232468605, 0.016684522852301598, 0.24276532232761383, 0.017561301589012146, 0.061984241008758545, 0.020279088988900185, 0.02636270597577095, 0.01903298683464527, 0.8684968948364258, 0.01632538065314293, 0.03621584177017212, 0.023295678198337555, 0.036703892052173615, 0.09172023087739944, 0.039897166192531586, 0.9483729600906372, 0.01557073462754488, 0.0161336287856102, 0.01445978693664074, 0.025852099061012268, 0.014274953864514828, 0.022767726331949234, 0.014322327449917793, 0.7930966019630432, 0.08411487936973572, 0.014284982345998287, 0.01393360085785389, 0.02459888532757759, 0.015948904678225517, 0.9430628418922424, 0.020968474447727203, 0.02128828503191471, 0.014661271125078201, 0.016139701008796692, 0.6104371547698975, 0.05563710257411003, 0.014459126628935337, 0.018486954271793365, 0.024926191195845604, 0.015115947462618351, 0.016329830512404442, 0.01525116991251707, 0.04792703315615654, 0.026489121839404106, 0.014499783515930176, 0.9463757276535034, 0.021446319296956062, 0.018291624262928963, 0.03729764744639397, 0.014386472292244434, 0.014946404844522476, 0.014850424602627754, 0.10763462632894516, 0.3203270435333252, 0.04931008815765381, 0.023534514009952545, 0.02413829416036606, 0.015908952802419662, 0.81732177734375, 0.1377827674150467, 0.014195434749126434, 0.018954312428832054, 0.019527500495314598, 0.015224440023303032, 0.017582623288035393, 0.11428571492433548, 0.02201245352625847, 0.013879687525331974], "bboxes": [[349.49200439453125, 129.61399841308594, 500.49249267578125, 278.7249450683594], [349.49200439453125, 129.61399841308594, 500.49249267578125, 278.7249450683594], [169.0733642578125, 52.684326171875, 251.7793426513672, 200.13853454589844], [169.0733642578125, 52.684326171875, 251.7793426513672, 200.13853454589844], [97.97590637207031, 44.96944046020508, 202.06468200683594, 228.24168395996094], [96.90743255615234, 45.59652328491211, 221.1912384033203, 214.08941650390625], [218.33409118652344, 231.83236694335938, 419.25286865234375, 332.4239501953125], [354.04559326171875, 109.21029663085938, 396.7603759765625, 164.42440795898438], [354.04559326171875, 109.21029663085938, 396.7603759765625, 164.42440795898438], [354.04559326171875, 109.21029663085938, 396.7603759765625, 164.42440795898438], [214.8350372314453, 172.36073303222656, 307.1882019042969, 203.7340545654297], [277.28765869140625, 83.98463439941406, 353.2908935546875, 186.0029754638672], [399.59375, 72.11907196044922, 499.2215881347656, 331.79718017578125], [399.59375, 72.11907196044922, 499.2215881347656, 331.79718017578125], [173.39382934570312, 120.92153930664062, 215.45362854003906, 205.4453582763672], [94.23060607910156, 45.21442794799805, 207.65187072753906, 227.390869140625], [94.23060607910156, 45.21442794799805, 207.65187072753906, 227.390869140625], [321.24346923828125, 85.352783203125, 355.71923828125, 167.68849182128906], [321.24346923828125, 85.352783203125, 355.71923828125, 167.68849182128906], [355.6963806152344, 75.0785903930664, 499.2997131347656, 331.2420959472656], [355.6963806152344, 75.0785903930664, 499.2997131347656, 331.2420959472656], [355.6963806152344, 75.0785903930664, 499.2997131347656, 331.2420959472656], [355.6963806152344, 75.0785903930664, 499.2997131347656, 331.2420959472656], [355.6963806152344, 75.0785903930664, 499.2997131347656, 331.2420959472656], [215.71832275390625, 83.37108612060547, 485.60400390625, 171.709716796875], [172.93972778320312, 170.0584716796875, 346.8638916015625, 208.2237548828125], [0.665239155292511, 28.392005920410156, 116.67008972167969, 257.08465576171875], [0.665239155292511, 28.392005920410156, 116.67008972167969, 257.08465576171875], [0.665239155292511, 28.392005920410156, 116.67008972167969, 257.08465576171875], [0.665239155292511, 28.392005920410156, 116.67008972167969, 257.08465576171875], [0.665239155292511, 28.392005920410156, 116.67008972167969, 257.08465576171875], [350.359375, 107.92877960205078, 399.349853515625, 166.8300018310547], [356.636474609375, 98.73297119140625, 430.0394592285156, 165.38394165039062], [171.51788330078125, 131.92764282226562, 217.166748046875, 203.4104766845703], [174.53619384765625, 136.46437072753906, 211.78558349609375, 200.60276794433594], [174.53619384765625, 136.46437072753906, 211.78558349609375, 200.60276794433594], [275.55523681640625, 84.11007690429688, 352.7514343261719, 186.01976013183594], [1.9977158308029175, 170.07064819335938, 432.1302490234375, 331.3878479003906], [1.9977158308029175, 170.07064819335938, 432.1302490234375, 331.3878479003906], [1.9977158308029175, 170.07064819335938, 432.1302490234375, 331.3878479003906], [1.9977158308029175, 170.07064819335938, 432.1302490234375, 331.3878479003906], [1.9977158308029175, 170.07064819335938, 432.1302490234375, 331.3878479003906], [1.9977158308029175, 170.07064819335938, 432.1302490234375, 331.3878479003906], [1.9977158308029175, 170.07064819335938, 432.1302490234375, 331.3878479003906], [1.9977158308029175, 170.07064819335938, 432.1302490234375, 331.3878479003906], [97.74138641357422, 45.53701400756836, 205.84559631347656, 226.94094848632812], [174.11473083496094, 134.91653442382812, 212.79177856445312, 202.51608276367188], [277.1357421875, 83.66609191894531, 351.7891845703125, 185.8212432861328], [353.7460632324219, 103.41350555419922, 437.1526184082031, 171.81826782226562], [353.7460632324219, 103.41350555419922, 437.1526184082031, 171.81826782226562], [-24.638015747070312, 161.96694946289062, 428.24609375, 329.7197570800781], [179.25331115722656, 52.80801773071289, 295.37457275390625, 197.0665283203125], [179.25331115722656, 52.80801773071289, 295.37457275390625, 197.0665283203125], [179.25331115722656, 52.80801773071289, 295.37457275390625, 197.0665283203125], [179.25331115722656, 52.80801773071289, 295.37457275390625, 197.0665283203125], [179.25331115722656, 52.80801773071289, 295.37457275390625, 197.0665283203125], [353.248046875, 109.42576599121094, 396.89935302734375, 164.83616638183594], [165.1352081298828, 51.38655090332031, 250.71875, 198.22377014160156], [165.1352081298828, 51.38655090332031, 250.71875, 198.22377014160156], [352.8924865722656, 107.92644500732422, 397.2964782714844, 165.61412048339844], [401.0422668457031, 76.2411117553711, 501.9527282714844, 221.78060913085938], [401.0422668457031, 76.2411117553711, 501.9527282714844, 221.78060913085938], [240.48007202148438, 83.54298400878906, 352.9765930175781, 188.0429229736328], [172.5982208251953, 135.4678497314453, 214.00918579101562, 201.49710083007812], [209.5385284423828, 162.13406372070312, 299.8199768066406, 201.80311584472656], [227.20791625976562, 65.25858306884766, 295.66888427734375, 197.3066864013672], [227.20791625976562, 65.25858306884766, 295.66888427734375, 197.3066864013672], [395.0383605957031, 76.54354095458984, 501.2914123535156, 197.14044189453125], [1.3891806602478027, 28.05809783935547, 129.77078247070312, 256.9295349121094], [1.3891806602478027, 