{"labels": [9, 6, 9, 15, 6, 9, 15, 9, 9, 6, 9, 15, 9, 15, 9, 9, 6, 9, 15, 9, 15, 9, 15, 9, 15, 9, 15, 9, 6, 9, 15, 9, 9, 9, 9, 15, 6, 9, 9, 9, 9, 9, 9, 15, 9, 9, 9, 15, 6, 9, 9, 2, 9, 9, 15, 9, 9, 9, 15, 9, 6, 9, 15, 6, 9, 9, 9, 6, 9, 15, 9, 9, 6, 9, 15, 9, 6, 9, 15, 0, 1, 2, 3, 5, 6, 7, 9, 10, 11, 12, 13, 14, 15, 17, 18, 19, 9, 9, 15, 15], "scores": [0.0029175220988690853, 0.002585858106613159, 0.0026093851774930954, 0.002610179828479886, 0.002714774804189801, 0.002759450813755393, 0.0026320808101445436, 0.0028167308773845434, 0.0026425751857459545, 0.0028957976028323174, 0.0029297180008143187, 0.0025611217133700848, 0.002688771579414606, 0.002560660243034363, 0.0030719097703695297, 0.002840091474354267, 0.002706042258068919, 0.0027421594131737947, 0.002587661612778902, 0.0026784369256347418, 0.0026058994699269533, 0.003254048293456435, 0.0030473133083432913, 0.002595542697235942, 0.0030549357179552317, 0.0028901167679578066, 0.00270549557171762, 0.0030359711963683367, 0.0029088545124977827, 0.0028685617726296186, 0.002852628007531166, 0.002702805446460843, 0.002731902990490198, 0.0026713525876402855, 0.0027379028033465147, 0.002703045727685094, 0.003002055687829852, 0.0027368690352886915, 0.002921753330156207, 0.0025984279345721006, 0.002598636783659458, 0.002849795389920473, 0.0027035160455852747, 0.0030044999439269304, 0.0026585536543279886, 0.0026151249185204506, 0.0034363544546067715, 0.0027174160350114107, 0.002633757656440139, 0.002916016150265932, 0.002950462978333235, 0.002595340134575963, 0.0033545878250151873, 0.0026020167861133814, 0.002853560959920287, 0.0035151327028870583, 0.0025688011664897203, 0.0027327307034283876, 0.0027464621234685183, 0.0027033528313040733, 0.0029320744797587395, 0.0032467488199472427, 0.0032117438968271017, 0.0025651201140135527, 0.002592444885522127, 0.0025636309292167425, 0.0026143055874854326, 0.002772663254290819, 0.0026268898509442806, 0.002781311050057411, 0.0026045239064842463, 0.0026476988568902016, 0.0026344626676291227, 0.002649051370099187, 0.002655891003087163, 0.0025947701651602983, 0.002554783131927252, 0.002610614290460944, 0.002550255972892046, 0.018625712022185326, 0.0025739732664078474, 0.005801016930490732, 0.018087394535541534, 0.01395462267100811, 0.007748630363494158, 0.005886727944016457, 0.02586010843515396, 0.012927784584462643, 0.017408495768904686, 0.011817763559520245, 0.01273157075047493, 0.0036940707359462976, 0.002666581654921174, 0.016808917745947838, 0.9452136158943176, 0.006120158825069666, 0.002694470342248678, 0.003211221657693386, 0.002834207145497203, 0.002547366078943014], "bboxes": [[87.96004486083984, 136.4431915283203, 403.3705749511719, 210.49691772460938], [86.67178344726562, 198.03573608398438, 289.6703796386719, 274.9560241699219], [86.67178344726562, 198.03573608398438, 289.6703796386719, 274.9560241699219], [86.67178344726562, 198.03573608398438, 289.6703796386719, 274.9560241699219], [86.48192596435547, 196.9657440185547, 269.2703552246094, 291.3808288574219], [86.48192596435547, 196.9657440185547, 269.2703552246094, 291.3808288574219], [86.48192596435547, 196.9657440185547, 269.2703552246094, 291.3808288574219], [-5.695490837097168, 119.55997467041016, 159.792236328125, 211.5562744140625], [235.75057983398438, 195.08128356933594, 353.6311340332031, 268.74407958984375], [88.49870300292969, 213.7133026123047, 247.1951904296875, 317.7867431640625], [88.49870300292969, 213.7133026123047, 247.1951904296875, 317.7867431640625], [88.49870300292969, 213.7133026123047, 247.1951904296875, 317.7867431640625], [170.05445861816406, 137.68252563476562, 399.6858215332031, 219.36004638671875], [157.5217742919922, 150.4272918701172, 366.565673828125, 214.09385681152344], [340.709716796875, 138.88845825195312, 423.58843994140625, 246.83367919921875], [47.56898880004883, 286.5273132324219, 182.27972412109375, 328.9054870605469], [74.19674682617188, 139.16175842285156, 346.4059753417969, 289.99029541015625], [74.19674682617188, 139.16175842285156, 346.4059753417969, 289.99029541015625], [74.19674682617188, 139.16175842285156, 346.4059753417969, 289.99029541015625], [202.45407104492188, 146.3932647705078, 342.45587158203125, 212.8458251953125], [202.45407104492188, 146.3932647705078, 342.45587158203125, 212.8458251953125], [171.12750244140625, 127.40220642089844, 408.1915588378906, 213.442626953125], [171.12750244140625, 127.40220642089844, 408.1915588378906, 213.442626953125], [210.10154724121094, 135.5242156982422, 410.66009521484375, 195.6039581298828], [210.10154724121094, 135.5242156982422, 410.66009521484375, 195.6039581298828], [95.02172088623047, 135.27944946289062, 398.6357727050781, 225.22689819335938], [95.02172088623047, 135.27944946289062, 398.6357727050781, 225.22689819335938], [-16.798429489135742, 125.05448150634766, 168.73397827148438, 198.90966796875], [87.4384765625, 142.19813537597656, 318.5287170410156, 323.0052795410156], [87.4384765625, 142.19813537597656, 318.5287170410156, 323.0052795410156], [87.4384765625, 142.19813537597656, 318.5287170410156, 323.0052795410156], [191.49951171875, 133.7815399169922, 409.2977600097656, 209.6416473388672], [68.66459655761719, 207.06947326660156, 182.69442749023438, 266.2796325683594], [-9.498376846313477, 132.1743927001953, 228.30184936523438, 209.86070251464844], [81.41860961914062, 135.1878204345703, 383.0709533691406, 309.5199279785156], [81.41860961914062, 135.1878204345703, 383.0709533691406, 309.5199279785156], [85.44647979736328, 216.0537872314453, 261.9369201660156, 286.78564453125], [85.44647979736328, 216.0537872314453, 261.9369201660156, 286.78564453125], [-7.3110198974609375, 134.9608917236328, 173.6033935546875, 211.42654418945312], [189.6898193359375, 157.20469665527344, 378.47369384765625, 239.14195251464844], [253.99185180664062, 193.10023498535156, 365.6382751464844, 253.60755920410156], [4.506030082702637, 91.97628784179688, 78.89263153076172, 182.16693115234375], [220.5594940185547, 136.13172912597656, 409.9866027832031, 199.93988037109375], [220.5594940185547, 136.13172912597656, 409.9866027832031, 199.93988037109375], [140.43307495117188, 244.05715942382812, 274.10107421875, 302.6223449707031], [56.88226318359375, 76.63485717773438, 192.9252471923828, 143.58285522460938], [71.0824203491211, -0.2044963836669922, 397.2390441894531, 312.3733215332031], [71.0824203491211, -0.2044963836669922, 397.2390441894531, 312.3733215332031], [61.31513595581055, 123.21271514892578, 401.0478210449219, 208.36900329589844], [61.31513595581055, 123.21271514892578, 401.0478210449219, 208.36900329589844], [47.80113220214844, 243.4857940673828, 115.56756591796875, 325.9801025390625], [17.053632736206055, -12.277626991271973, 268.2137756347656, 114.50276947021484], [17.053632736206055, -12.277626991271973, 268.2137756347656, 114.50276947021484], [244.1581268310547, 47.7497673034668, 430.61602783203125, 126.11314392089844], [190.92742919921875, 138.6588134765625, 406.8126220703125, 193.93740844726562], [333.6378479003906, 128.2117919921875, 472.6778259277344, 196.0296173095703], [4.932346343994141, 184.9160919189453, 94.27874755859375, 252.51409912109375], [158.3045196533203, 142.49916076660156, 398.373291015625, 216.23672485351562], [158.3045196533203, 142.49916076660156, 398.373291015625, 216.23672485351562], [9.608745574951172, 126.93301391601562, 162.65982055664062, 197.30502319335938], [92.54593658447266, 198.37722778320312, 222.14564514160156, 319.4153137207031], [92.54593658447266, 198.37722778320312, 222.14564514160156, 319.4153137207031], [92.54593658447266, 198.37722778320312, 222.14564514160156, 319.4153137207031], [47.906455993652344, 138.23599243164062, 403.14178466796875, 191.17288208007812], [47.906455993652344, 138.23599243164062, 403.14178466796875, 191.17288208007812], [160.5065155029297, 183.58888244628906, 383.92803955078125, 244.0175018310547], [87.7056884765625, 215.3183135986328, 310.125732421875, 300.0803527832031], [89.0722427368164, 208.8664093017578, 241.32676696777344, 270.80853271484375], 