{"labels": [6, 6, 15, 9, 6, 15, 6, 6, 6, 9, 15, 6, 15, 0, 1, 2, 4, 5, 6, 7, 8, 9, 10, 11, 14, 15, 16, 19, 6, 6, 6, 15, 1, 2, 4, 5, 6, 7, 8, 15, 16, 6, 15, 6, 6, 6, 6, 6, 9, 15, 6, 6, 6, 15, 2, 6, 9, 6, 6, 6, 15, 6, 6, 6, 5, 6, 15, 6, 9, 6, 2, 6, 2, 6, 15, 6, 0, 1, 2, 3, 4, 5, 6, 7, 8, 9, 11, 12, 13, 14, 15, 16, 17, 18, 19, 2, 6, 15, 6, 9], "scores": [0.002615921199321747, 0.0025197493378072977, 0.00252742413431406, 0.002564759226515889, 0.00360414432361722, 0.002618248574435711, 0.002587520284578204, 0.002654584124684334, 0.0030595080461353064, 0.002609417773783207, 0.002572298049926758, 0.004088263958692551, 0.003496553050354123, 0.003182754386216402, 0.0038566659204661846, 0.004480552859604359, 0.00278104399330914, 0.005443504545837641, 0.0038850947748869658, 0.01157686673104763, 0.005967050325125456, 0.002500012284144759, 0.002704045968130231, 0.0029018260538578033, 0.0026427158154547215, 0.0037431633099913597, 0.002756889443844557, 0.003973847255110741, 0.002539071487262845, 0.0025244937278330326, 0.0048896679654717445, 0.002714897505939007, 0.003660468850284815, 0.00266673369333148, 0.003210618859156966, 0.006392493378371, 0.007276793941855431, 0.0031505690421909094, 0.0033056477550417185, 0.016466638073325157, 0.0026137884706258774, 0.003620697883889079, 0.002605949994176626, 0.003006450366228819, 0.0037436436396092176, 0.002999684540554881, 0.0026559780817478895, 0.003032741602510214, 0.0025032737758010626, 0.0029457577038556337, 0.0032357159070670605, 0.00268738716840744, 0.0034702634438872337, 0.002613817108795047, 0.0029513833578675985, 0.0027204120997339487, 0.0025824352633208036, 0.0033744564279913902, 0.0025445495266467333, 0.005044240970164537, 0.0026041611563414335, 0.0025124168023467064, 0.0025220781099051237, 0.002654674928635359, 0.002916032448410988, 0.006162403151392937, 0.004992688540369272, 0.0026917499490082264, 0.0026225545443594456, 0.0025054668076336384, 0.002584329806268215, 0.0025657780934125185, 0.0026231943629682064, 0.0036865882575511932, 0.002680778969079256, 0.002930175280198455, 0.01460743136703968, 0.004404617007821798, 0.011519670486450195, 0.0025807125493884087, 0.012744109146296978, 0.007793400902301073, 0.006403885316103697, 0.8959413766860962, 0.02710449881851673, 0.007908312603831291, 0.0059031336568295956, 0.005305708386003971, 0.005911638028919697, 0.0058772447519004345, 0.010806805454194546, 0.008008659817278385, 0.019795101135969162, 0.002954212250187993, 0.024331388995051384, 0.002524683717638254, 0.003744854824617505, 0.00257070898078382, 0.002541540190577507, 0.002497869310900569], "bboxes": [[-136.73501586914062, 199.7487030029297, 1046.1011962890625, 455.8168640136719], [-137.29689025878906, 286.8001708984375, 1122.9268798828125, 595.0122680664062], [-137.29689025878906, 286.8001708984375, 1122.9268798828125, 595.0122680664062], [261.01776123046875, 231.6575164794922, 798.1718139648438, 298.90802001953125], [117.30443572998047, 30.664072036743164, 514.8367309570312, 493.0127868652344], [117.30443572998047, 30.664072036743164, 514.8367309570312, 493.0127868652344], [582.2626342773438, 162.75656127929688, 1040.6976318359375, 614.2180786132812], [357.3387145996094, 228.9699249267578, 1091.163818359375, 612.9078369140625], [68.12352752685547, 216.1138153076172, 727.56640625, 477.95513916015625], [68.12352752685547, 216.1138153076172, 727.56640625, 477.95513916015625], [68.12352752685547, 216.1138153076172, 727.56640625, 477.95513916015625], [124.71837615966797, 36.73622131347656, 506.36236572265625, 453.19244384765625], [124.71837615966797, 36.73622131347656, 506.36236572265625, 453.19244384765625], [624.8513793945312, 169.37135314941406, 997.2112426757812, 606.7052612304688], [624.8513793945312, 169.37135314941406, 997.2112426757812, 606.7052612304688], [624.8513793945312, 169.37135314941406, 997.2112426757812, 606.7052612304688], [624.8513793945312, 169.37135314941406, 997.2112426757812, 606.7052612304688], [624.8513793945312, 169.37135314941406, 997.2112426757812, 606.7052612304688], [624.8513793945312, 169.37135314941406, 997.2112426757812, 606.7052612304688], [624.8513793945312, 169.37135314941406, 997.2112426757812, 606.7052612304688], [624.8513793945312, 169.37135314941406, 997.2112426757812, 606.7052612304688], [624.8513793945312, 169.37135314941406, 997.2112426757812, 606.7052612304688], [624.8513793945312, 169.37135314941406, 997.2112426757812, 606.7052612304688], [624.8513793945312, 169.37135314941406, 997.2112426757812, 606.7052612304688], [624.8513793945312, 169.37135314941406, 997.2112426757812, 606.7052612304688], [624.8513793945312, 169.37135314941406, 997.2112426757812, 606.7052612304688], [624.8513793945312, 169.37135314941406, 997.2112426757812, 606.7052612304688], [624.8513793945312, 169.37135314941406, 997.2112426757812, 606.7052612304688], [413.6746520996094, 218.21315002441406, 1099.3814697265625, 611.3339233398438], [155.36837768554688, 291.6397399902344, 1100.6600341796875, 442.59375], [134.6195831298828, 163.5105743408203, 532.726806640625, 445.5931396484375], [134.6195831298828, 163.5105743408203, 532.726806640625, 445.5931396484375], [131.2248077392578, 45.07990646362305, 504.0696716308594, 446.2544860839844], [131.2248077392578, 45.07990646362305, 504.0696716308594, 446.2544860839844], [131.2248077392578, 45.07990646362305, 504.0696716308594, 446.2544860839844], [131.2248077392578, 45.07990646362305, 504.0696716308594, 446.2544860839844], [131.2248077392578, 45.07990646362305, 504.0696716308594, 446.2544860839844], [131.2248077392578, 45.07990646362305, 504.0696716308594, 446.2544860839844], [131.2248077392578, 45.07990646362305, 504.0696716308594, 446.2544860839844], [131.2248077392578, 45.07990646362305, 504.0696716308594, 446.2544860839844], [131.2248077392578, 45.07990646362305, 504.0696716308594, 446.2544860839844], [-34.925636291503906, 167.42648315429688, 638.7305908203125, 439.88189697265625], [-34.925636291503906, 167.42648315429688, 638.7305908203125, 439.88189697265625], [130.16653442382812, 111.3996353149414, 629.8509521484375, 466.4190673828125], [122.35281372070312, 58.47528839111328, 503.8944091796875, 469.6582946777344], [-52.37208557128906, 147.4854278564453, 405.6125793457031, 360.7239990234375], [598.4652099609375, 166.66246032714844, 1013.64306640625, 615.9454956054688], [-115.94203186035156, 235.58148193359375, 995.3132934570312, 448.3092041015625], [-115.94203186035156, 235.58148193359375, 995.3132934570312, 448.3092041015625], [-115.94203186035156, 235.58148193359375, 995.3132934570312, 448.3092041015625], [25.047351837158203, 79.8734130859375, 593.0292358398438, 386.93841552734375], [26.08646583557129, 24.87513542175293, 1107.60009765625, 796.6305541992188], [30.71637725830078, 121.32598114013672, 632.5750732421875, 487.8943786621094], [30.71637725830078, 121.32598114013672, 632.5750732421875, 487.8943786621094], [106.9086685180664, 43.719966888427734, 498.3778991699219, 293.6341247558594], [106.9086685180664, 43.719966888427734, 498.3778991699219, 293.6341247558594], [106.9086685180664, 43.719966888427734, 498.3778991699219, 293.6341247558594], [86.6057357788086, 238.5282745361328, 959.2600708007812, 476.16912841796875], [576.06201171875, 176.84701538085938, 1042.07861328125, 617.1087646484375], [132.46466064453125, 139.9205780029297, 508.9029541015625, 441.8565673828125], [132.46466064453125, 139.9205780029297, 508.9029541015625, 441.8565673828125], [191.32839965820312, 247.06161499023438, 1056.4083251953125, 362.33319091796875], [-21.113872528076172, 137.8125457763672, 1042.392822265625, 408.4620666503906], [108.79727935791016, 124.383056640625, 614.2424926757812, 694.7987060546875], [121.90719604492188, 37.92766571044922, 504.5745849609375, 451.1458435058594], [121.90719604492188, 37.92766571044922, 504.5745849609375, 451.1458435058594], [121.90719604492188, 37.92766571044922, 504.5745849609375, 451.1458435058594], [84.54720306396484, 234.007568359375, 1061.6474609375, 353.9659423828125], [632.6026611328125, 457.829833984375, 1085.1981201171875, 