{"labels": [9, 15, 9, 15, 7, 9, 15, 9, 7, 9, 15, 9, 1, 2, 4, 5, 6, 7, 8, 9, 11, 12, 13, 14, 15, 16, 18, 19, 15, 15, 0, 2, 4, 5, 6, 7, 8, 9, 10, 11, 12, 14, 15, 16, 17, 18, 19, 9, 9, 7, 15, 15, 15, 9, 15, 9, 7, 9, 15, 9, 15, 9, 2, 9, 9, 15, 15, 7, 9, 15, 9, 15, 9, 0, 1, 2, 4, 5, 6, 7, 8, 9, 10, 11, 12, 14, 15, 16, 17, 18, 19, 9, 15, 15, 9, 9, 15, 9, 15, 15], "scores": [0.002603060333058238, 0.0027246575336903334, 0.0027894701343029737, 0.002873301273211837, 0.0026372154243290424, 0.0025920455809682608, 0.003081508679315448, 0.00278938515111804, 0.002722280565649271, 0.0032983815763145685, 0.002994488226249814, 0.002866676077246666, 0.0041558095254004, 0.006326067727059126, 0.004302536603063345, 0.004615443758666515, 0.00316334655508399, 0.058012958616018295, 0.005288181826472282, 0.006651845294982195, 0.008229000493884087, 0.004160222597420216, 0.0026377798058092594, 0.0038531594909727573, 0.005638964008539915, 0.0031486048828810453, 0.0029742405749857426, 0.006393141113221645, 0.002566907089203596, 0.002586495131254196, 0.0026111432816833258, 0.01058968622237444, 0.006790079642087221, 0.004089125897735357, 0.004852477926760912, 0.03319951519370079, 0.005729382392019033, 0.018308162689208984, 0.003940470051020384, 0.750831127166748, 0.006923809181898832, 0.009168526157736778, 0.007722793146967888, 0.02113218419253826, 0.0067518227733671665, 0.009086561389267445, 0.004299153108149767, 0.0026841391809284687, 0.0027214097790420055, 0.002640070393681526, 0.0028805139008909464, 0.0026021788362413645, 0.0027813627384603024, 0.00274481694214046, 0.00266538979485631, 0.0025834389962255955, 0.0026486623100936413, 0.0026502017863094807, 0.0029462131205946207, 0.0033380615059286356, 0.0029069907031953335, 0.0029298197478055954, 0.002708924002945423, 0.002880378160625696, 0.0025596774648875, 0.003293239278718829, 0.00277665164321661, 0.0025543528608977795, 0.0028348013292998075, 0.002843912923708558, 0.0026887203566730022, 0.0029978572856634855, 0.0029983886051923037, 0.007073781918734312, 0.002782501745969057, 0.0202199537307024, 0.01355744805186987, 0.00774884270504117, 0.004916259553283453, 0.5148518681526184, 0.010677148588001728, 0.019320571795105934, 0.002870624652132392, 0.6375430822372437, 0.019135883077979088, 0.02718335948884487, 0.01159850973635912, 0.02658356912434101, 0.009106774814426899, 0.010309014469385147, 0.005852479487657547, 0.0028880878817290068, 0.002675089053809643, 0.002638245467096567, 0.0030155556742101908, 0.0029331815894693136, 0.002948121400550008, 0.0025986453983932734, 0.0029405790846794844, 0.002551851561293006], "bboxes": [[83.16059875488281, 11.074424743652344, 506.7842102050781, 302.2400817871094], [83.16059875488281, 11.074424743652344, 506.7842102050781, 302.2400817871094], [32.921077728271484, 18.526702880859375, 403.77947998046875, 443.779541015625], [32.921077728271484, 18.526702880859375, 403.77947998046875, 443.779541015625], [228.9923553466797, 104.28076934814453, 646.2020874023438, 431.1479187011719], [-19.205080032348633, 141.19862365722656, 545.3795166015625, 429.2325439453125], [-19.205080032348633, 141.19862365722656, 545.3795166015625, 429.2325439453125], [135.2645721435547, 22.51593589782715, 561.8479614257812, 143.52659606933594], [-11.659308433532715, 18.04877471923828, 464.7142639160156, 434.2503662109375], [-11.659308433532715, 18.04877471923828, 464.7142639160156, 434.2503662109375], [-11.659308433532715, 18.04877471923828, 464.7142639160156, 434.2503662109375], [26.458614349365234, 21.666824340820312, 391.40826416015625, 162.04225158691406], [291.5971984863281, 28.713523864746094, 589.876708984375, 421.17095947265625], [291.5971984863281, 28.713523864746094, 589.876708984375, 421.17095947265625], [291.5971984863281, 28.713523864746094, 589.876708984375, 421.17095947265625], [291.5971984863281, 28.713523864746094, 589.876708984375, 421.17095947265625], [291.5971984863281, 28.713523864746094, 589.876708984375, 421.17095947265625], [291.5971984863281, 28.713523864746094, 589.876708984375, 421.17095947265625], [291.5971984863281, 28.713523864746094, 589.876708984375, 421.17095947265625], [291.5971984863281, 28.713523864746094, 589.876708984375, 421.17095947265625], [291.5971984863281, 28.713523864746094, 589.876708984375, 421.17095947265625], [291.5971984863281, 28.713523864746094, 589.876708984375, 421.17095947265625], [291.5971984863281, 28.713523864746094, 589.876708984375, 421.17095947265625], [291.5971984863281, 28.713523864746094, 589.876708984375, 421.17095947265625], [291.5971984863281, 28.713523864746094, 589.876708984375, 421.17095947265625], [291.5971984863281, 28.713523864746094, 589.876708984375, 421.17095947265625], [291.5971984863281, 28.713523864746094, 589.876708984375, 421.17095947265625], [291.5971984863281, 28.713523864746094, 589.876708984375, 421.17095947265625], [-29.6536808013916, 110.01217651367188, 539.3798217773438, 384.35076904296875], [102.2025146484375, 10.946846008300781, 627.2512817382812, 413.85443115234375], [26.662559509277344, 34.24060821533203, 413.9255676269531, 439.9126281738281], [26.662559509277344, 34.24060821533203, 413.9255676269531, 439.9126281738281], [26.662559509277344, 34.24060821533203, 413.9255676269531, 439.9126281738281], [26.662559509277344, 34.24060821533203, 413.9255676269531, 439.9126281738281], [26.662559509277344, 34.24060821533203, 413.9255676269531, 439.9126281738281], [26.662559509277344, 34.24060821533203, 413.9255676269531, 439.9126281738281], [26.662559509277344, 34.24060821533203, 413.9255676269531, 439.9126281738281], [26.662559509277344, 34.24060821533203, 413.9255676269531, 439.9126281738281], [26.662559509277344, 34.24060821533203, 413.9255676269531, 439.9126281738281], [26.662559509277344, 34.24060821533203, 413.9255676269531, 439.9126281738281], [26.662559509277344, 34.24060821533203, 413.9255676269531, 439.9126281738281], [26.662559509277344, 34.24060821533203, 413.9255676269531, 439.9126281738281], [26.662559509277344, 34.24060821533203, 413.9255676269531, 439.9126281738281], [26.662559509277344, 34.24060821533203, 413.9255676269531, 439.9126281738281], [26.662559509277344, 34.24060821533203, 413.9255676269531, 439.9126281738281], [26.662559509277344, 34.24060821533203, 413.9255676269531, 439.9126281738281], [26.662559509277344, 34.24060821533203, 413.9255676269531, 439.9126281738281], [312.19110107421875, 26.697315216064453, 565.5250854492188, 168.22621154785156], [-37.85844039916992, 187.5631866455078, 269.8056945800781, 288.945556640625], [12.804920196533203, 16.86449432373047, 634.8218383789062, 444.0817565917969], [12.804920196533203, 16.86449432373047, 634.8218383789062, 444.0817565917969], [-18.10450553894043, 203.93728637695312, 506.8696594238281, 425.4330139160156], [323.81353759765625, 11.56698989868164, 557.3699340820312, 324.44439697265625], [186.35719299316406, 296.62469482421875, 347.5184326171875, 418.701416015625], [186.35719299316406, 296.62469482421875, 347.5184326171875, 418.701416015625], [45.677650451660156, 27.094379425048828, 385.6572265625, 180.64947509765625], [39.26152038574219, 9.668838500976562, 630.4264526367188, 441.01556396484375], [39.26152038574219, 9.668838500976562, 630.4264526367188, 441.01556396484375], [39.26152038574219, 9.668838500976562, 630.4264526367188, 441.01556396484375], [-22.16968536376953, 255.55592346191406, 347.8019104003906, 445.168701171875], [-22.16968536376953, 255.55592346191406, 347.8019104003906, 445.168701171875], [71.32559204101562, 20.34488868713379, 413.205078125, 156.68714904785156], [328.9142150878906, 7.257362365722656, 563.490966796875, 118.95648956298828], [-8.336889266967773, 143.90931701660156, 204.50767517089844, 297.63006591796875], [61.202877044677734, 28.095914840698242, 534.111083984375, 166.10643005371094], [1.058728814125061, 49.52519989013672, 383.8184509277344, 449.24560546875], [-6.388779163360596, 83.51081085205078, 321.21826171875, 450.22210693359375], [290.32257080078125, 71.58248138427734, 639.3216552734375, 437.6448669433594], [179.64219665527344, 