{"labels": [14, 3, 6, 10, 14, 3, 5, 6, 9, 11, 12, 13, 14, 17, 18, 3, 4, 6, 8, 12, 17, 19, 0, 2, 4, 6, 8, 10, 11, 12, 13, 14, 17, 1, 3, 6, 8, 10, 11, 13, 17, 18, 19, 14, 2, 4, 8, 11, 12, 13, 14, 15, 17, 9, 12, 14, 9, 12, 10, 4, 10, 14, 14, 1, 2, 4, 6, 8, 9, 10, 11, 12, 13, 14, 17, 14, 3, 6, 12, 14, 14, 4, 12, 14, 9, 12, 11, 14, 2, 4, 6, 8, 9, 11, 12, 13, 14, 17, 14, 4], "scores": [0.011419259943068027, 0.008872633799910545, 0.009492458775639534, 0.009084646590054035, 0.03920293226838112, 0.014858943410217762, 0.008363182656466961, 0.0240414347499609, 0.018550287932157516, 0.010790632106363773, 0.0892198383808136, 0.014295607805252075, 0.16247649490833282, 0.011765234172344208, 0.03140198066830635, 0.016834137961268425, 0.008756270632147789, 0.01030686590820551, 0.04622882977128029, 0.022383248433470726, 0.015804901719093323, 0.009785322472453117, 0.008472827263176441, 0.01467686053365469, 0.014408559538424015, 0.015602655708789825, 0.02001884952187538, 0.008670065551996231, 0.014574659988284111, 0.01473571453243494, 0.020535221323370934, 0.909391462802887, 0.00859786942601204, 0.018807096406817436, 0.020507976412773132, 0.0120790284126997, 0.011092583648860455, 0.7611266374588013, 0.015062104910612106, 0.011883239261806011, 0.02820923924446106, 0.020131275057792664, 0.010827862657606602, 0.01048917043954134, 0.012607811950147152, 0.013242964632809162, 0.022213604301214218, 0.026676997542381287, 0.011357092298567295, 0.01647358387708664, 0.9561465978622437, 0.013701038435101509, 0.008513415232300758, 0.009333708323538303, 0.012233822606503963, 0.008302588015794754, 0.01018958818167448, 0.010573102161288261, 0.013324613682925701, 0.013035241514444351, 0.009785364381968975, 0.09871793538331985, 0.017864853143692017, 0.012336913496255875, 0.01642032153904438, 0.01265945378690958, 0.01103087980300188, 0.01803157478570938, 0.011460456997156143, 0.009474433958530426, 0.01774401031434536, 0.024602660909295082, 0.02316826581954956, 0.7140823006629944, 0.009515516459941864, 0.017526356503367424, 0.009952301159501076, 0.009779802523553371, 0.010005231015384197, 0.07032597810029984, 0.009384115226566792, 0.010834943503141403, 0.011885703541338444, 0.017310215160250664, 0.009031129069626331, 0.00894906185567379, 0.018703151494264603, 0.09067071229219437, 0.01748240925371647, 0.012798456475138664, 0.009981939569115639, 0.019028764218091965, 0.009805403649806976, 0.01820528320968151, 0.014447519555687904, 0.014591241255402565, 0.9487177729606628, 0.010283514857292175, 0.009071070700883865, 0.008228027261793613], "bboxes": [[35.03341293334961, 132.84750366210938, 496.590087890625, 270.4205627441406], [71.80533599853516, 140.26351928710938, 378.8111572265625, 336.0730285644531], [71.80533599853516, 140.26351928710938, 378.8111572265625, 336.0730285644531], [71.80533599853516, 140.26351928710938, 378.8111572265625, 336.0730285644531], [71.80533599853516, 140.26351928710938, 378.8111572265625, 336.0730285644531], [349.4560241699219, 95.55064392089844, 599.7820434570312, 319.0909423828125], [349.4560241699219, 95.55064392089844, 599.7820434570312, 319.0909423828125], [349.4560241699219, 95.55064392089844, 599.7820434570312, 319.0909423828125], [349.4560241699219, 95.55064392089844, 599.7820434570312, 319.0909423828125], [349.4560241699219, 95.55064392089844, 599.7820434570312, 319.0909423828125], [349.4560241699219, 95.55064392089844, 599.7820434570312, 319.0909423828125], [349.4560241699219, 95.55064392089844, 599.7820434570312, 319.0909423828125], [349.4560241699219, 95.55064392089844, 599.7820434570312, 319.0909423828125], [349.4560241699219, 95.55064392089844, 599.7820434570312, 319.0909423828125], [349.4560241699219, 95.55064392089844, 599.7820434570312, 319.0909423828125], [259.8721008300781, 156.81871032714844, 539.7852172851562, 261.37445068359375], [259.8721008300781, 156.81871032714844, 539.7852172851562, 261.37445068359375], [259.8721008300781, 156.81871032714844, 539.7852172851562, 261.37445068359375], [259.8721008300781, 156.81871032714844, 539.7852172851562, 261.37445068359375], [259.8721008300781, 156.81871032714844, 539.7852172851562, 261.37445068359375], [259.8721008300781, 156.81871032714844, 539.7852172851562, 261.37445068359375], [259.8721008300781, 156.81871032714844, 539.7852172851562, 261.37445068359375], [68.6079330444336, 115.71308135986328, 297.99755859375, 362.9667053222656], [68.6079330444336, 115.71308135986328, 297.99755859375, 362.9667053222656], [68.6079330444336, 115.71308135986328, 297.99755859375, 362.9667053222656], [68.6079330444336, 115.71308135986328, 297.99755859375, 362.9667053222656], [68.6079330444336, 115.71308135986328, 297.99755859375, 362.9667053222656], [68.6079330444336, 115.71308135986328, 297.99755859375, 362.9667053222656], [68.6079330444336, 115.71308135986328, 297.99755859375, 362.9667053222656], [68.6079330444336, 115.71308135986328, 297.99755859375, 362.9667053222656], [68.6079330444336, 115.71308135986328, 297.99755859375, 362.9667053222656], [68.6079330444336, 115.71308135986328, 297.99755859375, 362.9667053222656], [68.6079330444336, 115.71308135986328, 297.99755859375, 362.9667053222656], [89.91165161132812, 249.58242797851562, 594.0263671875, 367.0292663574219], [89.91165161132812, 249.58242797851562, 594.0263671875, 367.0292663574219], [89.91165161132812, 249.58242797851562, 594.0263671875, 367.0292663574219], [89.91165161132812, 249.58242797851562, 594.0263671875, 367.0292663574219], [89.91165161132812, 249.58242797851562, 594.0263671875, 367.0292663574219], [89.91165161132812, 249.58242797851562, 594.0263671875, 367.0292663574219], [89.91165161132812, 249.58242797851562, 594.0263671875, 367.0292663574219], [89.91165161132812, 249.58242797851562, 594.0263671875, 367.0292663574219], [89.91165161132812, 249.58242797851562, 594.0263671875, 367.0292663574219], [89.91165161132812, 249.58242797851562, 594.0263671875, 367.0292663574219], [54.482425689697266, 181.58035278320312, 441.8244323730469, 285.3943786621094], [291.6104736328125, 95.9701156616211, 433.13287353515625, 221.91969299316406], [291.6104736328125, 95.9701156616211, 433.13287353515625, 221.91969299316406], [291.6104736328125, 95.9701156616211, 433.13287353515625, 221.91969299316406], [291.6104736328125, 95.9701156616211, 433.13287353515625, 221.91969299316406], [291.6104736328125, 95.9701156616211, 433.13287353515625, 221.91969299316406], [291.6104736328125, 95.9701156616211, 433.13287353515625, 221.91969299316406], [291.6104736328125, 95.9701156616211, 433.13287353515625, 221.91969299316406], [291.6104736328125, 95.9701156616211, 433.13287353515625, 221.91969299316406], [291.6104736328125, 95.9701156616211, 433.13287353515625, 221.91969299316406], [361.78680419921875, 155.76551818847656, 509.27716064453125, 216.00157165527344], [361.78680419921875, 155.76551818847656, 509.27716064453125, 216.00157165527344], [361.78680419921875, 155.76551818847656, 509.27716064453125, 216.00157165527344], [431.2171630859375, 155.04531860351562, 506.3716125488281, 217.8591766357422], [431.2171630859375, 155.04531860351562, 506.3716125488281, 217.8591766357422], [16.15766716003418, 197.43186950683594, 595.2518920898438, 363.4520568847656], [59.322364807128906, 198.02418518066406, 373.3625793457031, 335.2871398925781], [59.322364807128906, 198.02418518066406, 373.3625793457031, 335.2871398925781], [59.322364807128906, 198.02418518066406, 373.3625793457031, 335.2871398925781], [7.54779052734375, 204.2830810546875, 304.45654296875, 364.39569091796875], [68.06230163574219, 201.21937561035156, 290.5146789550781, 365.98333740234375], [68.06230163574219, 201.21937561035156, 290.5146789550781, 365.98333740234375], [68.06230163574219, 201.21937561035156, 290.5146789550781, 365.98333740234375], [68.06230163574219, 201.21937561035156, 290.5146789550781, 365.98333740234375], [68.06230163574219, 201.21937561035156, 290.5146789550781, 365.98333740234375], [68.06230163574219, 201.21937561035156, 290.5146789550781, 365.98333740234375], [68.06230163574219, 201.21937561035156, 