{"labels": [2, 2, 2, 0, 1, 2, 6, 7, 8, 9, 11, 12, 14, 16, 18, 2, 0, 2, 7, 9, 2, 7, 9, 2, 7, 2, 7, 0, 2, 7, 9, 11, 0, 1, 2, 3, 4, 6, 7, 8, 9, 11, 12, 14, 15, 16, 18, 0, 2, 7, 9, 11, 2, 0, 2, 7, 9, 11, 0, 2, 7, 9, 2, 9, 2, 7, 9, 11, 7, 2, 0, 2, 7, 9, 2, 0, 2, 7, 9, 0, 1, 2, 3, 4, 6, 7, 8, 9, 11, 12, 13, 14, 15, 16, 17, 18, 2, 2, 7, 4], "scores": [0.0037209060974419117, 0.0031468886882066727, 0.004154416732490063, 0.009909721091389656, 0.003217115765437484, 0.014796447940170765, 0.0036386947613209486, 0.0095133688300848, 0.0030638216994702816, 0.00637409882619977, 0.010093825869262218, 0.004534441512078047, 0.004340528976172209, 0.005009418819099665, 0.004103472456336021, 0.003298074472695589, 0.0031887704972177744, 0.003957256209105253, 0.003994694445282221, 0.0029074123594909906, 0.0036022677086293697, 0.0032469709403812885, 0.003528018482029438, 0.004886462818831205, 0.003240794874727726, 0.0034190495498478413, 0.0034700524993240833, 0.0032883030362427235, 0.0036519088316708803, 0.004428829997777939, 0.0036243554204702377, 0.0032480130903422832, 0.04619203880429268, 0.006998872384428978, 0.6102472543716431, 0.0039504398591816425, 0.005659790709614754, 0.006314283702522516, 0.07495987415313721, 0.00900342408567667, 0.01988714002072811, 0.08594198524951935, 0.012438314966857433, 0.019605303183197975, 0.004221366718411446, 0.047821491956710815, 0.006743322126567364, 0.004005085676908493, 0.005398503039032221, 0.0064635020680725574, 0.00389830581843853, 0.004354781471192837, 0.0036264066584408283, 0.005157171282917261, 0.009366950020194054, 0.005882072262465954, 0.0038102869875729084, 0.0051513053476810455, 0.00349010294303298, 0.00681406632065773, 0.003300031181424856, 0.003735483856871724, 0.0038017211481928825, 0.00316068809479475, 0.0051690503023564816, 0.0037988850381225348, 0.004434129223227501, 0.00313896918669343, 0.003135508159175515, 0.0031609779689460993, 0.0033566325437277555, 0.003454224206507206, 0.0029527435544878244, 0.0029407679103314877, 0.0033359192311763763, 0.0032175194937735796, 0.003425284754484892, 0.00300299352966249, 0.003112410893663764, 0.37601688504219055, 0.008424688130617142, 0.38026025891304016, 0.004544838797301054, 0.0071841152384877205, 0.004634585697203875, 0.14546872675418854, 0.012264284305274487, 0.018823731690645218, 0.13193486630916595, 0.018473664298653603, 0.003850676352158189, 0.006538314279168844, 0.005011606030166149, 0.03666918724775314, 0.0069635482504963875, 0.010424071922898293, 0.0030840481631457806, 0.005030148662626743, 0.0033950097858905792, 0.002905752509832382], "bboxes": [[74.96015930175781, 187.47564697265625, 351.075927734375, 275.5646057128906], [237.7633056640625, 82.96448516845703, 455.47833251953125, 175.6134033203125], [51.44987869262695, 0.7528089284896851, 449.9363098144531, 75.99911499023438], [339.2178039550781, 16.916641235351562, 500.55853271484375, 101.2109375], [339.2178039550781, 16.916641235351562, 500.55853271484375, 101.2109375], [339.2178039550781, 16.916641235351562, 500.55853271484375, 101.2109375], [339.2178039550781, 16.916641235351562, 500.55853271484375, 101.2109375], [339.2178039550781, 16.916641235351562, 500.55853271484375, 101.2109375], [339.2178039550781, 16.916641235351562, 500.55853271484375, 101.2109375], [339.2178039550781, 16.916641235351562, 500.55853271484375, 101.2109375], [339.2178039550781, 16.916641235351562, 500.55853271484375, 101.2109375], [339.2178039550781, 16.916641235351562, 500.55853271484375, 101.2109375], [339.2178039550781, 16.916641235351562, 500.55853271484375, 101.2109375], [339.2178039550781, 16.916641235351562, 500.55853271484375, 101.2109375], [339.2178039550781, 16.916641235351562, 500.55853271484375, 101.2109375], [-10.500722885131836, 9.396018981933594, 217.66098022460938, 110.82532501220703], [170.8678741455078, 107.20606994628906, 497.1816711425781, 311.4698486328125], [170.8678741455078, 107.20606994628906, 497.1816711425781, 311.4698486328125], [170.8678741455078, 107.20606994628906, 497.1816711425781, 311.4698486328125], [170.8678741455078, 107.20606994628906, 497.1816711425781, 311.4698486328125], [5.395729064941406, -1.8010826110839844, 313.8768615722656, 210.1948699951172], [5.395729064941406, -1.8010826110839844, 313.8768615722656, 210.1948699951172], [5.395729064941406, -1.8010826110839844, 313.8768615722656, 210.1948699951172], [341.6933288574219, 22.27785301208496, 502.6037292480469, 102.05924224853516], [341.6933288574219, 22.27785301208496, 502.6037292480469, 102.05924224853516], [337.9795227050781, 26.862590789794922, 501.75921630859375, 102.68242645263672], [337.9795227050781, 26.862590789794922, 501.75921630859375, 102.68242645263672], [78.871826171875, 144.5298614501953, 499.0008544921875, 313.7164001464844], [78.871826171875, 144.5298614501953, 499.0008544921875, 313.7164001464844], [78.871826171875, 144.5298614501953, 499.0008544921875, 313.7164001464844], [78.871826171875, 144.5298614501953, 499.0008544921875, 313.7164001464844], [78.871826171875, 144.5298614501953, 499.0008544921875, 313.7164001464844], [340.5792541503906, 18.111791610717773, 501.5906982421875, 102.11929321289062], [340.5792541503906, 18.111791610717773, 501.5906982421875, 102.11929321289062], [340.5792541503906, 18.111791610717773, 501.5906982421875, 102.11929321289062], [340.5792541503906, 18.111791610717773, 501.5906982421875, 102.11929321289062], [340.5792541503906, 18.111791610717773, 501.5906982421875, 102.11929321289062], [340.5792541503906, 18.111791610717773, 501.5906982421875, 102.11929321289062], [340.5792541503906, 18.111791610717773, 501.5906982421875, 102.11929321289062], [340.5792541503906, 18.111791610717773, 501.5906982421875, 102.11929321289062], [340.5792541503906, 18.111791610717773, 501.5906982421875, 102.11929321289062], [340.5792541503906, 18.111791610717773, 501.5906982421875, 102.11929321289062], [340.5792541503906, 18.111791610717773, 501.5906982421875, 102.11929321289062], [340.5792541503906, 18.111791610717773, 501.5906982421875, 102.11929321289062], [340.5792541503906, 18.111791610717773, 501.5906982421875, 102.11929321289062], [340.5792541503906, 18.111791610717773, 501.5906982421875, 102.11929321289062], [340.5792541503906, 18.111791610717773, 501.5906982421875, 102.11929321289062], [-0.4706663191318512, 0.340493768453598, 500.6519470214844, 313.2358703613281], [-0.4706663191318512, 0.340493768453598, 500.6519470214844, 313.2358703613281], [-0.4706663191318512, 0.340493768453598, 500.6519470214844, 313.2358703613281], [-0.4706663191318512, 0.340493768453598, 500.6519470214844, 313.2358703613281], [-0.4706663191318512, 0.340493768453598, 500.6519470214844, 313.2358703613281], [0.6503738164901733, -10.088890075683594, 304.4998474121094, 91.85154724121094], [339.0827941894531, 22.451601028442383, 501.81475830078125, 101.68972778320312], [339.0827941894531, 22.451601028442383, 501.81475830078125, 101.68972778320312], [339.0827941894531, 22.451601028442383, 501.81475830078125, 101.68972778320312], [339.0827941894531, 22.451601028442383, 501.81475830078125, 101.68972778320312], [339.0827941894531, 22.451601028442383, 501.81475830078125, 101.68972778320312], [377.9868469238281, 14.5216703414917, 502.37615966796875, 101.97787475585938], [377.9868469238281, 14.5216703414917, 502.37615966796875, 101.97787475585938], [377.9868469238281, 14.5216703414917, 502.37615966796875, 101.97787475585938], [377.9868469238281, 14.5216703414917, 502.37615966796875, 101.97787475585938], [393.18212890625, 17.188154220581055, 501.6795959472656, 102.60084533691406], [393.18212890625, 17.188154220581055, 501.6795959472656, 102.60084533691406], [4.8438639640808105, 3.5323586463928223, 481.2033386230469, 147.93087768554688], [4.8438639640808105, 3.5323586463928223, 481.2033386230469, 147.93087768554688], [4.8438639640808105, 3.5323586463928223, 481.2033386230469, 147.93087768554688], [4.8438639640808105, 3.5323586463928223, 481.2033386230469, 147.93087768554688], [268.800537109375, 107.76225280761719, 494.9710693359375, 316.5787048339844], 