{"labels": [18, 15, 13, 18, 15, 5, 15, 13, 18, 13, 14, 18, 18, 14, 18, 18, 6, 6, 18, 15, 6, 14, 8, 18, 18, 6, 5, 1, 5, 15, 14, 15, 18, 14, 8], "scores": [0.870979905128479, 0.3687449097633362, 0.31144431233406067, 0.26050758361816406, 0.252596378326416, 0.22976826131343842, 0.2207944095134735, 0.19762717187404633, 0.1906348019838333, 0.17895078659057617, 0.16009505093097687, 0.15555250644683838, 0.14617829024791718, 0.14399228990077972, 0.14327356219291687, 0.14282625913619995, 0.1276116967201233, 0.12289273738861084, 0.12078835070133209, 0.11154310405254364, 0.10352970659732819, 0.09733206778764725, 0.0950096920132637, 0.07558140158653259, 0.07495800405740738, 0.07011441886425018, 0.06661547720432281, 0.06486884504556656, 0.0627475455403328, 0.05969659984111786, 0.05916048213839531, 0.05675150454044342, 0.0530318021774292, 0.05281282216310501, 0.05043233558535576], "bboxes": [[17.46690559387207, 15.816646575927734, 461.2538757324219, 329.14495849609375], [387.7359619140625, 194.49746704101562, 443.2555236816406, 223.34088134765625], [97.33119201660156, 178.11080932617188, 360.1017150878906, 338.9467468261719], [3.230499505996704, 38.61882781982422, 280.8955078125, 305.4729919433594], [397.73626708984375, 197.80467224121094, 418.40631103515625, 216.0124053955078], [72.30779266357422, 36.24822998046875, 354.46673583984375, 328.7471618652344], [393.7865295410156, 190.07894897460938, 425.6523742675781, 231.3054656982422], [99.32469940185547, 189.77996826171875, 231.0247344970703, 344.3584289550781], [303.4062805175781, 132.43753051757812, 455.2278747558594, 226.16200256347656], [212.00086975097656, 164.35389709472656, 347.4398193359375, 326.1658630371094], [116.84092712402344, 182.61000061035156, 233.15467834472656, 335.791015625], [270.8690490722656, 41.76533508300781, 466.7770690917969, 247.99124145507812], [205.30821228027344, 119.65072631835938, 465.1156921386719, 233.47357177734375], [231.31507873535156, 169.92532348632812, 361.2026672363281, 321.45697021484375], [10.443222045898438, 135.70716857910156, 216.64205932617188, 212.71493530273438], [114.50509643554688, 68.14368438720703, 471.12933349609375, 268.7254638671875], [104.66105651855469, 198.8827362060547, 232.38076782226562, 330.0732116699219], [93.10091400146484, 185.51197814941406, 352.4355163574219, 339.84368896484375], [105.4625244140625, 193.29542541503906, 364.44036865234375, 333.0750732421875], [318.6813659667969, 186.7677001953125, 347.6043395996094, 209.45372009277344], [171.87796020507812, 164.60867309570312, 275.91314697265625, 214.6204071044922], [268.7113037109375, 111.33385467529297, 337.71759033203125, 184.92715454101562], [116.84477996826172, 200.1710205078125, 217.66444396972656, 336.647216796875], [21.506263732910156, 80.095947265625, 210.92808532714844, 239.0536346435547], [74.78514099121094, 60.656822204589844, 312.4709167480469, 241.6378173828125], [203.46762084960938, 189.92355346679688, 350.0358581542969, 312.82794189453125], [105.34552001953125, 197.38592529296875, 358.6259460449219, 326.2678527832031], [86.84687805175781, 184.9321746826172, 338.0643005371094, 338.9637756347656], [165.33702087402344, 98.07321166992188, 429.3424072265625, 238.76956176757812], [281.50250244140625, 148.31643676757812, 304.8716735839844, 196.8428497314453], [153.007080078125, 162.85659790039062, 182.00648498535156, 206.25637817382812], [385.5486755371094, 169.3488311767578, 452.1931457519531, 233.18016052246094], [177.74476623535156, 39.026058197021484, 358.33795166015625, 275.4755859375], [126.86891174316406, 239.02529907226562, 231.84144592285156, 320.6591796875], [223.657958984375, 195.3928985595703, 355.50335693359375, 316.5600891113281]], "masks": [{"size": [374, 500], "counts": "`d6n3`7l0UO<QJ[K^4S5SKVKe4T6H6Ka0_O8K000000001O000000000000000000001O1]LZHT3V8M3M2O2M2N3N;D1O1O1O1O1O1O2O0000000000000O10000000001O00000001O000010O0001O000010O01O001O1O000000001O00000000001O0001O000001O00001O001O00000000000000001O0000000000000000000000000000000000001O0000001O00000000001O00000000000000000000000000000000000000000000O100000000O100000000000000O100000000000000000000000000O10000001O000000000000000000001O000000O1000000000000000000O100000000001O00001O00001O000000001O0000000000000000000000000000000000000000000000000000000000000000O100000000000000000000000000000000000000000000000000000000000000000000000000000000000000000000O100000000000000000000000000000000000O100000000000000000000000000000000O1000000O10001N10000O100K5K5M300O100O10000O100O10000O10000O10000001O001O00001O0O101O0000001O00000000O101O00000000000O2O000000000000000000000000000000000000001O00001O0O101O00001N101O001N2O0O5J5_Ob0I6I7cJ_LnND`1f4eNcJCkk>"}, {"size": [374, 500], "counts": "kl]4l0j:0000000000000000000000000000000000000000000000000000000000000000000000000000000000000000000000000000000003MPdd0"}, {"size": [374, 500], "counts": "adS13j:R3_M`0C7M3N:F1fHjKR7^4O1O1O001O1N1SI]Kg6i401O0000001O0000000000000000000000001O000000000000000000000000000000000000000000000000000000000000000000000000000000000001O000000000000000000000000000000000000001O00001O00000000000000O100001O000000001O0000000000000000000000000000O1000000O01000000000000000000000000000000000O10000000O100000000000000000000000000O100O100O100000000O10000000000000000000000000000000000000000000O1001O00000000000O100000000001O0000000000000000O1000O10000000000001O00000000000000001O000O3N3M2N00001O000O2O00001O004J6J6Jo1lMWlb1"}, {"size": [374, 500], "counts": "Ya1k0d:^3aLY1iN<G:I1N3N1O2N1O1O001O1O1N3N1N2O1N4M5`KoHo3_7M2N2N2O1O010O1O001O1O00000O100O101O0O10000000000000000010O000000O1N2O1000000O0100000000001O0000000000000O1000000000001O0000000000000000000000001O000000000000000000000000000000000000000000000000000000000000000000000000000000000000000000000000000000000000000000000000000000000001O0000000000000000000000000000000000000000000000000000000000000000O1000000000000000000000000000000000000000000000000000000000000000000000000000000000000000O10000000000000000000000000000000000000000000000000000000000000000000001N2N;E:nM]o_2"}, {"size": [374, 500], "counts": "jaa4b0T;0000000000000000000000000000000000000Vhm0"}, {"size": [374, 500], "counts": "V\\j0=>Ei9R3QNj0XOf0YO=K3N1kJmJe3T5ZLnJ?MY1V5WNRK:I_1V5UNUK9Fa1U5VNWK7Eb1Z5QNRK;Fc1]5lMoJ?Gc1\\5lMnJAA?7R2Z5mMPK_OC>8S2V5oMPK^OD>7U2W5kMQK^OE<8[2T5gMdKH]O`2P5fMgKB^Oh2m4]MnLb2S601O00001O00000000000000000O1001O0000000000001O01O0000000000000000000O100001O00000000000000000000O100000000000O1010O000002N1O1O1O1O1O000000001O0000001O000000O1000000000000000000000000001O000000O100O1000000O10O100000O1000000O1000000O10000O10000O100000000O10000000000000000000000O1000000000001N10000000000000000000000000O1000000000000000000000000000000000O100000000000000000000000000000000000000000000000000000000000000000000000000000000000000000000000000000000000000000000000000000000000000000000000000000O10000000001N2N2N8_OVYe1"}, {"size": [374, 500], "counts": "kR`4X1^:000O100000000001O000000O100000000000000000000000000000000001Omjj0"}, {"size": [374, 500], "counts": "m[T13h:f3TM:G1O0O101O001O3M3M001O1O001O001O1O5K1O001O000000000000001O00000000000000000000000000000000000000000000000000000000000000000000000000000000000000000000000000000000000001O0000000000000000000000000000000000000000001O000000000000002N3M1O001O00001O0000000000005Jk0UOhPR3"}, {"size": [374, 500], "counts": "cU_3Q2X9f0F5L000000000000O1O1O10000001O1O1O0000O1M3O100000000000000O1000000O1000000O100001O1O1O1O1O000000O1001O2N1O00000000000001O000001O000000000000000000000001O0000001YMVG`2j8`MVG`2j8_MWGa2i8_MWGa2i8`MVG`2j8`MUGa2k85001O00000YMUGc2k8]MVGb2j8^MVGb2j8_MTGb2k85O100O100001O000000O1000000O11O0000000000000000000000000000000000000000000000000000000000000000000O1000003XMSG[2`9\\OcY`0"}, {"size": [374, 500],