{"labels": [18, 8, 0, 18, 8, 8, 1, 8, 8, 18, 5, 18, 0, 8, 8, 8, 5, 8, 14, 18, 18, 8, 10, 12], "scores": [0.7067873477935791, 0.42657986283302307, 0.3046543002128601, 0.3025941848754883, 0.20434267818927765, 0.1820257604122162, 0.17636550962924957, 0.16967631876468658, 0.1665538251399994, 0.15690049529075623, 0.15653865039348602, 0.1432066559791565, 0.1431623101234436, 0.11809741705656052, 0.11522801220417023, 0.11395695805549622, 0.10579674690961838, 0.09302600473165512, 0.09291604161262512, 0.08724313974380493, 0.07292602956295013, 0.05927180126309395, 0.05630616098642349, 0.053155459463596344], "bboxes": [[90.61769104003906, 170.6966094970703, 234.15902709960938, 330.6866455078125], [284.0680236816406, 193.15597534179688, 402.4997863769531, 367.7677307128906], [166.9564971923828, 137.03543090820312, 426.8464050292969, 194.34124755859375], [47.944374084472656, 143.12046813964844, 293.33416748046875, 353.8976745605469], [277.81231689453125, 268.7075500488281, 450.3299255371094, 366.9105529785156], [190.9958038330078, 246.6852569580078, 403.1221618652344, 362.89959716796875], [50.87867736816406, 112.50556182861328, 467.1160583496094, 363.3646545410156], [128.1484832763672, 158.82418823242188, 422.2034912109375, 361.16241455078125], [365.6403503417969, 267.53125, 396.1835632324219, 365.9782409667969], [92.10189056396484, 160.51463317871094, 338.88970947265625, 304.85089111328125], [88.43417358398438, 175.1359405517578, 213.09996032714844, 330.03216552734375], [52.75892639160156, 95.66846466064453, 459.66351318359375, 353.0726013183594], [26.10426902770996, 109.60960388183594, 428.342529296875, 350.765625], [300.4713134765625, 284.4507751464844, 381.7495422363281, 369.3009948730469], [320.9979553222656, 175.0080108642578, 463.3937683105469, 362.9726867675781], [322.2907409667969, 252.15304565429688, 390.7794494628906, 362.2549743652344], [86.45391082763672, 204.3637237548828, 185.92926025390625, 298.22930908203125], [164.66946411132812, 174.645751953125, 325.58709716796875, 366.635498046875], [296.0400695800781, 177.56488037109375, 307.699951171875, 201.05186462402344], [149.77169799804688, 153.47406005859375, 443.7298583984375, 202.4838409423828], [88.46575164794922, 202.7380828857422, 190.7078094482422, 298.3167419433594], [93.88301849365234, 282.5853271484375, 479.5458679199219, 367.3875427246094], [190.54579162597656, 153.72427368164062, 371.7654724121094, 369.0138854980469], [71.24169921875, 101.48721313476562, 440.8927917480469, 352.8941650390625]], "masks": [{"size": [375, 500], "counts": "Z`Q1W4P7e0K000O101O000000000000000000000000000000000000000000000000O0100000000000000000000000000000000000000000000000000000000000000000000000000000000000000000000000O10000O1O1O1000000000000000000001O001O1O00000000000000000000001O00000000000000000000000000000000O10000000000N2L4N200O1O100N3E;aNWYQ3"}, {"size": [375, 500], "counts": "dbX3S2Z9b0H001N100O2O1N2XGWM`8Q3QHoL71n5R3fISMO9X6e2eIWMK<^6_2cIXN]6a3O1O2L3N2000001O0000000O1000000000001O000000000000000O100000000000000000000000000000000000000000000000000000000O10000000000000000000000000000000000001O000000000000000000000000000O100000001O00001O3M3fKhIo2[6`LUJ6YOHN^2e8YMbGd2k8Ne0cNgFQOYlS1"}, {"size": [375, 500], "counts": "QZm1h0i:=H3M2J50000O10000O100O1000000000000000000000000O1000000O100N200000[NPFc1P:]NQFb1o9^NQFb1R:00000000000000000000000000000000000O1N]NPFc1P:2000000000000000000000000000000O1000000O1000000001O00000000000000O10000000000000000000000000000000000000000000000000000000000000000000000000000O10000000000000000000000000000000000000000000000000000000000000000000000000000000000000000000000000000000000000000000000000000000000000000000000000000000000000000000000000000000000000000000000000000000000000000000000000000000O10000O1O1000000000000000001N1O1O5J?gNYEa0bmj0"}, {"size": [375, 500], "counts": "R\\g0:U;:L4cM]OdG101o0e0W7<cHIS7a0SHeN6P1d7?QHlN2f0l7`2M3D<L5I6M3N2M3E[KaIf4]6<M3M2_Ob0M3M3N2O1N101N10001O000O101O000000000O1000000000000000001O000000O10000O100O1O1O1000000000000000000000000O1000000O1000000000000000000000000000000000000000000000000000000001O1O1O001O1O1O0000000000000000000000001O0000000000000000000000000000000000000000001O00000000000000000000000000000000000000000000000000000000000000000000000001O000000000000000000000000000000000000000000000000000000000000000000000000000000000000001N2F`0WOae[2"}, {"size": [375, 500], "counts": "ggY34];>dDIf:l0H2O1cEkN3Ln01l7_1SGcNn02m7a1QHdNk7\\1SHfNm7[1[GYN84J9c8_1`G[NI:f8]1^GmNb8T200000000000000O2O00000000000000000000000000000000000000000000000000000000000000000000000000000000000000000000000000000000000000000000000000000000000000000000000000000000000000000000000000000000000000000000000000000000000001N1000000000000000000000000000000000000000000000000000000eNaG^O`88kGFV8EXGKi0;P8HXGLj0;n7GZGNi0:m7F\\G0h09m7D]G3g08m7C]G4i07_8CmG6WPc0"}, {"size": [375, 500], "counts": "XbV233f1[9m0]O=I2N00000010O0001N3N1O1O001O00001O000000000000003M1O00000O100000001O0000000000000000000000000000000000000000000000001O0000000000000000000000000000000000000000000000000000000000000000000000000000000000000000000000000000000000000000000000000000000000000000000000000000000000000000000000000000000000000000000000000000000000000000000000000000000000000000000000000000000000000000000000000001O00000000001O0iLmGj2T8PMSHNJi2k8UMWGb2W9H1O2jMbFo1f9Mf0YO_bS1"}, {"size": [375, 500], "counts": "\\Pg01e;3M3N1N4L2N3M2N2N2E;gMVObIl0Y6_OPHCP1Q1l6OoH5V5lNRJN8c1<EV5DmIU16La5m3N1O2O0O2O0O2O0O101N100O2O0O2N1O2M2N3M2O2N1O101N100010O0001O001O00001O00010O001O1N2O001N101O0O10001N10000O101O01O0001O01O01O0001O00001O00000001O000000000O10000000000000000001O00001O000000001O000000000000000000001O0000000000000001N100O100O1O100O1O101N1O100O1O1000000O1000000000000000000000000O100000000000000000001O00000000000000000000000O100000000000000000000000000000000000000000000000000000000000000000000000000000000001O000000000000000000000000000000000000000000000000000000000000000000000000000000000000000000000000000000000000000000000000O1000000000000000000000000000000000000000000000000000000O100000000000000000000000000000000000000000000000000001O000O100000000000001O00000000000000001O00000O2O2N2N2N2N2N2N3N1N2N2N2N2N9G4L4L8H8H4L2N2N2ZKkIf3W6dKmI41W4P7O1O1O1N2O1nKeHf3\\7ULhHk3X7RLkHn3`7O1O2M2O3Lb0VOj0kN^V<"}, {"size": [375, 500], "counts": "\\Q_1h1e9]1fFSMc7T4\\O=D6I7J1O1O1fIjJQ6_5O001O1O001O001O001O1O1O1O001O00001O001O001O001O1O1O1O1O1O2N1O0000000000001O00000000000000000000000000000000000000000000000000000000000000000000000000000000000000000000000000000000001O00000000000000000000000000000000000000000000000000000000000000000000000000001O0000000000000000000000000000000000000000000000000000000000000000000000000000000000000000000000000000000000000000000000000000000000000000000000000000000000000000000000000000000000000000000000000001O00000O100000000000000000000000000000000000000000000O1000000000000O1000000L4^OfJdJ]5T4\\JiLV6n2YJTLE9V6Z3kJaLX5\\3mJ^LW5_3b1I7L5L3L4K5N2N2J7G;_On0QOchl0"}, {"size": [375, 500], "counts": "[ZV4T2]96AgM\\G^2f8bMWG^2k86M33M002N1O001O0000000000O100N2N2F:O100001O7I5K3M4LgiU1"}, {"size": [375, 500], "counts": "mkQ1e3_7d0K5O0O2O000000000000000000000000000000000000000000000000000000000000000000000000000000000000000000000000000000000000000000000000000000000000000000000000000000000000000000000000O1000000000000000000000000000000000000000000000000000000000000000000000000000000000000000000000000000000000000000000000000000000000000000000000000000000000000000000000000000000000000000000O100000000000000001O00000000000000000000000000O1001O0000000000000000000000000000000000O10000000000000000000000000000O101J5N4EV1cLVkj1"}, {"size": [375, 500], "counts": "[iP1d3b7cL_Hm3U7>K400O10000000000000001O0000O10000000000000000000O1000000000000000O100O11O000000000000O1001O00000000000000000000001O00000O10000001O00O10O100000000O10000N2O1O100N200O10000001O1O2N00O1O100O11O1O2N000000O1O12N3M001O0000000000000000000000000001O1QOfnX3"}, {"size": [375, 500],